class,Feature_0,Feature_1,Feature_2,Feature_3,Feature_4,Feature_5,Feature_6,Feature_7,Feature_8,Feature_9,Feature_10,Feature_11,Feature_12,Feature_13,Feature_14,Feature_15,Feature_16,Feature_17,Feature_18,Feature_19,Feature_20,Feature_21
deteriorated,0.015576307837837842,-0.02574009689189189,0.6668942638221587,1.5972972972972972,0.06003068692014346,0.5289784782443738,0.6049388674388675,13.7,0.0005317431246413053,3.3,0.05125526415939887,2.2756756756756755,0.7203149253149252,-0.8697182781448433,-0.8697674942259566,0.13256748420409462,6.627027027027027,2.1911789405246944,0.37440706012134584,0.41621621621621624,1.6856666124434032,0.8880529302031804
regular,0.03852968136482939,0.0024354698162729616,0.5866280687047597,1.3517060367454068,0.05003076308228273,0.007024833610211777,0.16028933883264593,12.58005249343832,0.00016591860098998673,4.081364829396326,0.1687183240211299,1.9868766404199476,0.8849693521838066,-0.8233813221573917,-0.8457169615283451,0.007670588624403854,6.561679790026247,2.1961844379049937,0.4032353098719803,0.4199475065616798,1.9367735436925786,0.26370309163813466
