class,Feature_0,Feature_1,Feature_2,Feature_3,Feature_4,Feature_5,Feature_6,Feature_7,Feature_8,Feature_9,Feature_10,Feature_11,Feature_12,Feature_13,Feature_14,Feature_15,Feature_16,Feature_17,Feature_18,Feature_19,Feature_20,Feature_21
1,-0.38376138,-0.5689656173333333,12.808662722739221,32.3,0.759413472808035,-0.0013372683422615945,0.43161659513590844,40.166666666666664,0.027882996632996634,0.0,1.2380949810309025,18.0,0.7184210526315788,0.6333333333333335,0.9195156695156698,0.9750491320350905,41.0,1.3217373749875163,0.3953488372093023,0.16279069767441862,0.07363107781851078,0.2336075588077126
2,-0.38832556851851846,-0.5477360216666667,12.786745418554002,32.333333333333336,0.7715285774282175,-0.001339537108702601,0.4331584803687808,45.81481481481482,0.02815188926300037,0.0,1.2427887671244215,18.0,0.7163742690058479,0.6328743273187719,0.918803418803419,0.9750064406492127,41.0,1.3175219207209077,0.3953488372093023,0.16020671834625325,0.07635815477475193,0.23402557556682702
